Name	Price	Location	Platform	Condition	Link
Original Leitz Leica Camera Double Stroke M3 Body S#: 775xxx in Excellent Cond.	$1,195.95	San Leandro, California	Ebay	Cosmetic wear, frame a little dim, Original "L" seal	https://ebay.us/m/HAx1Zk
Leica M3 DS Double Stroke Rangefinder Camera Body Chrome #783134	$1,129.00	Arcadia, California	Ebay	Good working condition but lots of wear.	https://ebay.us/m/8ER74R
Leica M3 Double Stroke Rangefinder 35mm Film Camera. 1955. Case. CLA'D. AS-IS!	$1,195.00	Solon, Ohio	Ebay	CLA'ed in 2025, minimal cosmetic	https://ebay.us/m/H0rQ2a
Leica M3 DS Double Stroke Rangefinder 35mm Film Camera	$1,375.00	Lansdale, Pennsylvania	Ebay	Good cosmetic with some wear. Need CLA, not accurate shutter	https://ebay.us/m/CXIu0e
Leica Leitz M3 35mm Rangefinder Film Camera Body, Single Stroke SS, M3	$1,395.29	Gilford, New Hampshire	Ebay	Cosmetic wear, Shutter gets stuck	https://ebay.us/m/V5NNf7
Mint LEICA M3 Single Stroke SS 35mm Film Camera Body #11228813	$1,500.00	Playa del Rey, California	Ebay	Some minor marks on top plate	https://ebay.us/m/PGRz7u
Leica M3 Single Stroke 35mm Rangefinder Camera Body *USED*	$1,549.00	Nashville, Tennessee	Ebay	Minor cosmetic wear	https://ebay.us/m/WnysZV
Leica M3 DS Double Stroke Rangefinder 35mm Camera. 1955. Case. CLA'D in 2024.	$1,545.00	Solon, Ohio	Ebay	Shutter good, minor marks on top/bottom plate	https://ebay.us/m/QUgymM
Leica M3 Single Stroke 35mm Rangefinder Film Camera	$1,599.00	Battle Creek, Michigan	Ebay	Shutter need CLA	https://ebay.us/m/sHXlxH
Leica M3 35mm Rangefinder Film Camera Body Only	$1,700.00	Woodside, New York	Ebay	Recently CLA, minor scratches on top/bottom plate	https://ebay.us/m/TXjGWe
Leica M3 DS 35mm Rangefinder FILM camera body . 1955. Case & Cap. Cla'd in 2023.	$1,695.00	Solon, Ohio	Ebay	Good working order, good cosmetics	https://ebay.us/m/wKRVFy
Leica M3 SS Single Stroke Rangefinder 35mm Film Camera	$1,699.00	Lansdale, Pennsylvania	Ebay	Very good condition, Accurate shutter, rangefinder accurate	https://ebay.us/m/g4s1pM
Leica M3 35mm Rangefinder With Summit on 50mm F2 Lens	$1,735.00	Janesville, Wisconsin	Ebay	See listing	https://ebay.us/m/W4CibL
Leica M3 Single Stroke vintage 35mm Film Rangefinder Camera. Cap. Manual	$1,745.00	Solon, Ohio	Ebay	Great condition with everything working	https://ebay.us/m/3ch9dL
Leica Camera M3 Body S#: 9982XX E. Leitz Canada (ELC) w/Manual, Box	$1,895.95	San Leandro, California	Ebay	Clean and shutters are working	https://ebay.us/m/LgUXSy
Leica M3 35mm Rangefinder Film Camera Body Only	$2,000.00	Folsom, California	Ebay	See listing	https://ebay.us/m/hUAwZg
[RARE] Near Latest 1966 Leica M3 with L seal, Service Recommended	$1,999.00	Vestal, New York	Ebay	L seal on. Need service good cosmetics	https://ebay.us/m/uVB80D
Leica M3 Single Stroke 35mm Film Rangefinder camera. Case. Cap. CLA'd in 2026 !	$1,995.00	Solon, Ohio	Ebay	Good frame lines, good cosmetics and functionality	https://ebay.us/m/HUkfrZ
Leica M3 with Rapid Load Kit 14260	$1,499.95	Des plaines, Illinois	Alpine Camera	Working properly, missing leather in the back	https://alpinecamerausa.com/products/leica-m3-single-stroke-converted-w-rapid-load-kit-14260
Leica M3 DS Double Stroke Rangefinder Camera Body Chrome *Read	$1,004.70	Indianapolis, Indiana	UPP	See listing	https://usedphotopro.com/leica-m3-ds-double-stroke-rangefinder-camera-body-chrome-read-ulm-02-9600-6-833696-03d31ae1
Leica M3 DS Double Stroke 1st Batch! #702025 Camera Body	$3,166.08	Indianapolis, Indiana	UPP	Excellent	https://usedphotopro.com/leica-m3-ds-double-stroke-1st-batch-702025-camera-body-ulm-02-9890-3-702025-0d4af734
Leica M3 Single Stroke Preview Lever 35mm Rangefinder Camera Body, Chrome	$1,334.00	Smyrna, Georgia	KEH	Inoperative	https://www.keh.com/shop/leica-m3-single-stroke-preview-lever-35mm-camera-body.html
Leica M3 Double Stroke Preview Lever 35mm Rangefinder Camera Body, Chrome	$1,791.00	Smyrna, Georgia	KEH	Excellent	https://www.keh.com/shop/leica-m3-double-stroke-preview-lever-35mm-camera-body.html
Leica M3 Rangefinder Kit – Recently CLA'd – Leitz 50mm f/2.8 Elmar & Original Leather Case	$2,400.00	Thomasville, GA	Facebook	full CLA recently	https://www.facebook.com/share/1QegqJdQXK/
CLA’D Leica M3 DS	$1,500.00	Madison, WI	Facebook	Accurate shutter, Replaced with Litchigrain Cowhide leather	https://www.facebook.com/share/1E7nRGpJWr/
Leica M3 double stroke transitional	$1,200.00	Tipton, IA	Facebook	Viewfinder has some haze	https://www.facebook.com/share/18QzArrWBY/
Leica M3 Double Stroke (BODY ONLY) film camera - PLEASE READ DESCRIPTION	$1,300.00	Riverside, MO	Facebook	Serviced by Ryan Jones recently	https://www.facebook.com/share/14brANQRgwd/
Leica M3 camera s/n 833999 with Summicron 50mm f2 lens s/n 1351806.	$2,200.00	Lee's Summit, MO	Facebook	see listing	https://www.facebook.com/share/1FddfSkPos/
For Sale: Mint Leica M3 Single-Stroke Rangefinder + Clean Summicron 50mm	$2,360.00	Naperville, IL	Facebook	No haze, fungus, or seperation	https://www.facebook.com/share/1cnHYt6RUG/
leica m3 double stroke DS	$1,400.00	Los Angeles, CA	Facebook	Speeds sound accurate	https://www.facebook.com/share/18NLdd5ca3/
Leica M3 Double Stroke w/ 50mm Sumicron f2	$2,500.00	Los Angeles, CA	Facebook	puchased in 24 from KEH	https://www.facebook.com/share/1CXsUvMtEe/
Leica M3 single stroke film camera	$1,200.00	Emeryville, CA	Facebook	Good condition minor scuffs on body, CLA'ed 2024	https://www.facebook.com/share/1J3mzAjXgX/
Leica M3 single stroke with collapsible Summicron lens.	$1,600.00	Seaside, CA	Facebook	Purchased from Japan, Unknow if CLA'ed	https://www.facebook.com/share/18GYB9k1EU/
Leica M3 single stroke - just CLA'd	$1,800.00	Claremont, CA	Facebook	Just CLA'ed	https://www.facebook.com/share/1CKgFv7KJd/
Leica M3	$2,000.00	San Diego, CA	Facebook	See listing	https://www.facebook.com/share/1B6Q1CdGyM/
1955 Leica M3 - Lucky 777	$1,850.00	Berkeley, CA	Facebook	Cla'ed recently	https://www.facebook.com/share/17tPQNKXSp/
Leica M3 with 5cm Summicron 3/2026 CLA	$2,200.00	Oakland, CA	Facebook	Just CLA'ed by Youxin Ye last month	https://www.facebook.com/share/18DgBTRqWC/
Camera: Leica M3 single stroke in perfect condition. All original e.g. Leitz/Wetzlar lense, etc.-	$1,200.00	Silver Spring, MD	Facebook	See listing	https://www.facebook.com/share/1LK8P4NA8j/
Leica M3 Double Stroke Late Model w/ Box	$2,000.00	Allston, MA	Facebook	Good cosmetics condition	https://www.facebook.com/share/18KBcpMPh8/
Leica M3 Chrome Single Stroke Camera body	$1,100.00	New York, NY	Facebook	Need CLA, 1/1000 shutter is not opening	https://www.facebook.com/share/17Tvb7rpyf/
Leica m3 trades welcome for m2/m5	$1,000.00	Philadelphia, PA	Facebook	See listing	https://www.facebook.com/share/1CTjeq6Coi/
Leica M3 SS, preview lever, Black Re-paint	$2,400.00	Warrenton, VA	Facebook	shutter speeds accurate	https://www.facebook.com/share/1GyrWGbSWX/
Leica M3 (1957) with Summicron 50mm F2	$2,500.00	Austin, TX	Facebook	recently CLA'ed	https://www.facebook.com/share/1CbZftX5uc/